{
  "images" : [
    {
      "idiom" : "iphone",
      "scale" : "1x"
    },
    {
      "idiom" : "iphone",
      "filename" : "KBKeyOption@2x.png",
      "scale" : "2x"
    },
    {
      "idiom" : "iphone",
      "filename" : "KBKeyOption@3x.png",
      "scale" : "3x"
    },
    {
      "idiom" : "ipad",
      "filename" : "KBOption~ipad.png",
      "scale" : "1x"
    },
    {
      "idiom" : "ipad",
      "filename" : "KBOption@2x~ipad.png",
      "scale" : "2x"
    }
  ],
  "info" : {
    "version" : 1,
    "author" : "xcode"
  }
}