{
  "images" : [
    {
      "resizing" : {
        "mode" : "9-part",
        "center" : {
          "mode" : "tile",
          "width" : 1,
          "height" : 1
        },
        "cap-insets" : {
          "bottom" : 8,
          "top" : 8,
          "right" : 8,
          "left" : 8
        }
      },
      "idiom" : "iphone",
      "filename" : "KBKey.png",
      "scale" : "1x"
    },
    {
      "resizing" : {
        "mode" : "9-part",
        "center" : {
          "mode" : "tile",
          "width" : 2,
          "height" : 2
        },
        "cap-insets" : {
          "bottom" : 16,
          "top" : 16,
          "right" : 16,
          "left" : 16
        }
      },
      "idiom" : "iphone",
      "filename" : "KBKey@2x.png",
      "scale" : "2x"
    },
    {
      "resizing" : {
        "mode" : "9-part",
        "center" : {
          "mode" : "tile",
          "width" : 3,
          "height" : 3
        },
        "cap-insets" : {
          "bottom" : 24,
          "top" : 24,
          "right" : 24,
          "left" : 24
        }
      },
      "idiom" : "iphone",
      "filename" : "KBKey@3x.png",
      "scale" : "3x"
    },
    {
      "resizing" : {
        "mode" : "9-part",
        "center" : {
          "mode" : "tile",
          "width" : 1,
          "height" : 1
        },
        "cap-insets" : {
          "bottom" : 16,
          "top" : 16,
          "right" : 16,
          "left" : 16
        }
      },
      "idiom" : "ipad",
      "filename" : "KBKey~ipad.png",
      "scale" : "1x"
    },
    {
      "resizing" : {
        "mode" : "9-part",
        "center" : {
          "mode" : "tile",
          "width" : 2,
          "height" : 2
        },
        "cap-insets" : {
          "bottom" : 32,
          "top" : 32,
          "right" : 32,
          "left" : 32
        }
      },
      "idiom" : "ipad",
      "filename" : "KBKey@2x~ipad.png",
      "scale" : "2x"
    }
  ],
  "info" : {
    "version" : 1,
    "author" : "xcode"
  }
}